Indicador,alpha,delta,Fitness
Mejor (Fitness),9.999997567207279,0.4104394130406062,-0.2244059716392895
Peor (Fitness),9.999836027472842,0.4141669819352272,-0.22437895323294255
Media,9.999789339918346,0.411507632674149,-0.22439775988652091
Desv. Estándar,0.00028225069118995917,0.0014316513875352564,1.0237181353070467e-05
