Indicador,x1,x2,Fitness
Mejor,9.999999874427008,0.4102919917172928,-0.2244060136302129
Media,9.999999623506287,0.10550424279498388,-0.13962917622093252
Peor,9.999999683143857,0.0923144585379656,-0.13611099977009639
Desv. estándar,,,0.007206079091144437
