Indicador,x1,x2,Fitness
Mejor,9.999836027472842,0.4141669819352272,-0.22437895323294255
Media,9.996210051579126,0.005227798610480684,-0.1186015308404914
Peor,9.997590052033976,0.00039590073816788297,-0.11753871126309551
Desv. estándar,,,0.008771146560792675
