Indicador,x1,x2,Fitness
Mejor,9.99686970319023,0.4074239407081168,-0.22435630913081095
Media,9.992744105143045,0.18724838485293455,-0.15982140556046404
Peor,9.992833265739499,0.044738397816040665,-0.12534250096457697
Desv. estándar,,,0.02813516173518031
