Indicador,x1,x2,Fitness
Mejor,9.999257690177394,0.4095076396341194,-0.2243964845373914
Media,9.997721369415375,0.10053799066299088,-0.13885222676573014
Peor,9.997008073019623,0.033335512432074735,-0.1231205800121657
Desv. estándar,,,0.010508500992157622
