Indicador,x1,x2,Fitness
Mejor,9.999988648714304,0.4102650405575056,-0.22440588194561012
Media,9.999991109196902,0.10803503637554364,-0.14228477930912992
Peor,9.999990134045028,0.018186722040444716,-0.1203993274724205
Desv. estándar,,,0.02689362559798771
