Indicador,x1,x2,Fitness
Mejor,0.43190209232491317,0.879750939730166,-6.845742785057491
Media,0.013615933595522921,0.03165005810505108,-6.84574278505749
Peor,0.0037772081827020226,0.007913136176042095,-6.84574278505749
Desv. estándar,,,7.276241125344999e-17
