Indicador,x1,x2,Fitness
Mejor,2.9394938121553894e-10,1.1313355675216917e-10,-6.84574278505749
Media,4.587625387390556e-10,1.9719785455327838e-10,-6.84574278505749
Peor,2.9394938121553894e-10,1.1313355675216917e-10,-6.84574278505749
Desv. estándar,,,0.0
