Indicador,alpha,delta,Fitness
Mejor (Fitness),2.9394938121553894e-10,1.1313355675216917e-10,-6.84574278505749
Peor (Fitness),2.9394938121553894e-10,1.1313355675216917e-10,-6.84574278505749
Media,3.5746655828340275e-08,1.6030853464406444e-07,-6.845742785057491
Desv. Estándar,7.134387492893383e-08,3.205581875449918e-07,8.881784197001252e-16
