Indicador,x1,x2,Fitness
Mejor,3.460687552206792e-13,1.9549644968526908e-13,-6.84574278505749
Media,7.328001028233789e-13,3.5285976545114257e-13,-6.807127421335531
Peor,1.8496599454189243e-13,8.495485852605898e-14,-6.5682217713277
Desv. estándar,,,0.04457440503591228
