Indicador,x1,x2,Fitness
Mejor,1.1321081894763603e-13,8.162281756916355e-14,-6.84574278505749
Media,1.5336780327500887e-14,1.0370549912247897e-14,-2.1468686097522443
Peor,0.0,5.897226902740171e-16,-0.0
Desv. estándar,,,1.746342152663798
