Indicador,x1,x2,Fitness
Mejor,4.7590547904318116e-12,3.5932232797387943e-12,-6.84574278505749
Media,7.976124974609354e-12,5.1010829358507464e-12,-6.845742147307246
Peor,2.5763826464167553e-12,1.7068629335019957e-12,-6.845695272664289
Desv. estándar,,,5.467569386633578e-06
