Indicador,x1,x2,Fitness
Mejor,9.999999993629663,0.9999999997677702,7.251227528493251
Media,9.999999997766363,0.9999999999217205,7.251227528493252
Peor,9.999999993629663,0.9999999997677702,7.251227528493251
Desv. estándar,,,8.881784197001252e-16
