Indicador,x1,x2,Fitness
Mejor,4.163552060873187e-05,3.0192581445859544e-06,7.251227528493251
Media,0.00012870732956957233,8.68068837706745e-06,7.251227528493252
Peor,4.163552060873187e-05,3.0192581445859544e-06,7.251227528493251
Desv. estándar,,,8.881784197001252e-16
