Indicador,x1,x2,Fitness
Mejor,5.439286982348402e-11,3.219896061535571e-12,7.251227528493251
Media,2.1287023447742927e-10,1.091020856485484e-11,7.251227528493252
Peor,5.439286982348402e-11,3.219896061535571e-12,7.251227528493251
Desv. estándar,,,8.881784197001252e-16
