Indicador,x1,x2,Fitness
Mejor,9.999999999694264,0.9999999999714753,0.9881474977008601
Media,9.999999999575792,0.9999999999589221,0.9881474977008602
Peor,9.999999999694264,0.9999999999714753,0.9881474977008601
Desv. estándar,,,1.1102230246251565e-16
