Indicador,x1,x2,Fitness
Mejor,1.4279728018720243e-06,1.0656270102179911e-07,7.251227528493251
Media,1.1784540065644319e-06,9.34126121197308e-08,7.251227528493252
Peor,1.4279728018720243e-06,1.0656270102179911e-07,7.251227528493251
Desv. estándar,,,8.881784197001252e-16
