Indicador,alpha,delta,Fitness
Mejor (Fitness),9.999997420012269,0.9999998404832446,0.9881474977008601
Peor (Fitness),9.999997420012269,0.9999998404832446,0.9881474977008601
Media,9.999999483683103,0.9999999680546576,0.9881474977008601
Desv. Estándar,1.0318354802911354e-06,6.37857172824439e-08,0.0
