Indicador,x1,x2,Fitness
Mejor,8.200534551075382,1.124065415543024e-08,-4.128421621722379
Media,4.4936275195394,6.776150261755653e-09,-4.128421621722378
Peor,8.648437039937377,2.3711054001312653e-08,-4.128421621722377
Desv. estándar,,,7.23976850907681e-16
