Indicador,x1,x2,Fitness
Mejor,9.987402228871463,0.44415077751127513,-4.128421621722379
Media,9.414105098228896,0.43702237709900826,-4.128421621722379
Peor,9.971703276158317,0.37910160707731544,-4.128421621722377
Desv. estándar,,,1.3996129257133878e-15
