Indicador,x1,x2,Fitness
Mejor,9.990808728202254,0.44849210661979666,-4.128421621722379
Media,9.977604676174545,0.00832031418980556,-4.128421621722379
Peor,9.972847794477055,6.253064773654704e-06,-4.128421621722377
Desv. estándar,,,1.365143841863742e-15
