Indicador,x1,x2,Fitness
Mejor,2.026372457882343,0.3188848259263309,-4.128421621722379
Media,0.07439394342488898,0.02735927608563647,-4.128421621722377
Peor,0.02547959767592234,0.005059801974262923,-4.128421621722377
Desv. estándar,,,1.4552482250689998e-16
