Indicador,x1,x2,Fitness
Mejor,9.999818534548117,0.11274110510494308,-4.128421621722379
Media,9.983204662280212,0.0075185014649527164,-4.128421621722379
Peor,9.982832408357549,0.0014371378198689815,-4.128421621722377
Desv. estándar,,,1.1641985800551999e-15
