Indicador,alpha,delta,Fitness
Mejor (Fitness),8.200534551075382,1.124065415543024e-08,-4.128421621722379
Peor (Fitness),8.200534551075382,1.124065415543024e-08,-4.128421621722379
Media,7.196939860654015,0.4434170063463716,-4.128421621722379
Desv. Estándar,2.898293541130982,0.3541600107344236,0.0
