Indicador,x1,x2,Fitness
Mejor,9.999900079500206,0.49465645255609153,-0.30156508229698475
Media,9.999875945704726,0.6019453613090439,-0.282809242165714
Peor,9.999861204420961,0.6867408801178684,-0.25310417267440755
Desv. estándar,,,0.012301170140174757
