Indicador,x1,x2,Fitness
Mejor,9.999999844523208,2.6927236246378993e-09,0.08475312389992172
Media,9.999999586890263,2.253498178704863e-10,0.08475312586314648
Peor,9.999999371246926,1.2142964777436443e-10,0.08475312795268956
Desv. estándar,,,6.335401636023699e-10
