Indicador,x1,x2,Fitness
Mejor,9.999861079719826,0.493987249072598,-0.3015642991853597
Media,9.999862799108987,0.5004203237710345,-0.2358699476042264
Peor,9.999872562052321,0.18131454629752497,-0.16416320953679397
Desv. estándar,,,0.046896177112608906
