Indicador,alpha,delta,Fitness
Mejor (Fitness),9.999999986978004,0.49415688219560383,-0.30156612832724866
Peor (Fitness),9.99824118200011,0.49481905921660074,-0.3015456638073157
Media,9.999590961457159,0.4943985405854602,-0.301561378549161
Desv. Estándar,0.0006765233620347229,0.00030710364885359057,7.881649565025906e-06
