Indicador,x1,x2,Fitness
Mejor,9.999952479087648,0.4943730598864069,-0.3015657191288959
Media,9.999994230581112,0.8653124806538377,-0.17147404998423582
Peor,9.999999153205746,0.9965254538926989,-0.1268875266068101
Desv. estándar,,,0.043598522956298805
