Indicador,x1,x2,Fitness
Mejor,9.99824118200011,0.49481905921660074,-0.3015456638073157
Media,9.99979343464165,0.9559734780451997,-0.13992619940174647
Peor,9.999840324871935,0.9907205387787801,-0.12815711446478528
Desv. estándar,,,0.02624857650564636
