Indicador,x1,x2,Fitness
Mejor,9.99999791010916,2.294978410842682e-07,-0.1953755441632485
Media,9.999998087490054,2.8125927410807323e-07,-0.19537554346522526
Peor,9.999997220322399,2.493937973728429e-07,-0.1953755397416675
Desv. estándar,,,4.6177609182652247e-10
