Indicador,alpha,delta,Fitness
Mejor (Fitness),9.999999974245302,1.5243047160420746e-08,-0.19537556238614473
Peor (Fitness),9.999993167324053,1.570773410071128e-06,-0.1953754749012962
Media,9.99999810449009,7.496090478638194e-07,-0.19537552844781003
Desv. Estándar,2.615453194786446e-06,9.189067102102006e-07,4.115210070115976e-08
