Indicador,x1,x2,Fitness
Mejor,9.999999999991765,2.025369310234141e-11,-0.1953755630183538
Media,9.999999999999945,1.5767793629139918e-10,-0.1953755630139649
Peor,10.0,2.6625950796785987e-10,-0.19537556301046194
Desv. estándar,,,1.4432790689113137e-12
