Indicador,x1,x2,Fitness
Mejor,9.99999999859473,1.1322452195774537e-09,-0.1953755629748228
Media,9.999999999569132,2.217675422578003e-09,-0.1953755629451427
Peor,9.999999999225931,6.1346380528750735e-09,-0.19537556281688984
Desv. estándar,,,1.188209644741755e-11
