Indicador,x1,x2,Fitness
Mejor,9.999993167324053,1.570773410071128e-06,-0.1953754749012962
Media,9.999994558925605,3.0789232685850503e-06,-0.1953754338678245
Peor,9.99999625865264,7.516098606205449e-06,-0.1953753000176023
Desv. estándar,,,3.099432177608849e-08
