Indicador,x1,x2,Fitness
Mejor,9.999999830755145,1.4409038838854886e-08,-0.19537556162680042
Media,9.999999858390652,9.174108036628521e-08,-0.19537555928326913
Peor,9.999999922548838,1.011651180899003e-06,-0.19537552995568322
Desv. estándar,,,3.2433868073568064e-09
